x,y,z,qx,qy,qz,qw,timestamp
-0.4335329819428351,-0.05166807557304187,0.3386717174932794,0.7122883900281634,-0.6981747352087632,-0.03376391825076322,-0.06369683172353506,92.0
-0.4334272735547516,-0.05156753923334192,0.33857609625938245,0.7122348989751695,-0.6982211835036004,-0.033663363991875105,-0.06383890282118107,157.0
-0.4334617943219881,-0.05158053027548318,0.33860464589071754,0.712237100313357,-0.6982215177722538,-0.0336920304413069,-0.0637955495451942,209.0
-0.43346387512080686,-0.051598185225738204,0.3385340292030823,0.712256171192222,-0.6982013330721777,-0.03362144051507311,-0.06384076936035023,260.0
-0.43340393849065784,-0.05160166698212703,0.3384277515512413,0.7122774397529529,-0.6981746834682505,-0.03351433380038504,-0.06395115020781976,308.0
-0.4332150091410424,-0.05160099571911567,0.33827601124141093,0.7123213026644011,-0.6981171701178259,-0.03336308738567483,-0.06416917450976733,357.0
-0.43319745736548765,-0.05174686219578985,0.3382783468570669,0.7124399211291592,-0.6979971921532243,-0.03336768839330347,-0.06415509254127524,409.0
-0.433233515567021,-0.051884446586092044,0.33832845992897187,0.7125381439490927,-0.6979009193573708,-0.033426061932159974,-0.06408118726604768,458.0
-0.43327379297407353,-0.0520243694701917,0.33834446244683725,0.7126400184281863,-0.6978005598115803,-0.033449784603521555,-0.0640288588942332,507.0
-0.4332086612747164,-0.052059622751069866,0.33828659632401425,0.712683392440988,-0.6977519418701378,-0.03339439330902466,-0.06410479116866824,559.0
-0.43321714365636455,-0.05208101287262129,0.33829623309310314,0.7126988406753993,-0.6977371784856223,-0.03340444370855846,-0.06408849662292199,609.0
-0.43321189374413405,-0.052269422869511695,0.33831258585432555,0.712847144972716,-0.6975876211946397,-0.03342861204325248,-0.0640545592219117,659.0
-0.4331731348927459,-0.05258990972940057,0.33831272881446195,0.7131059155551459,-0.6973232666694128,-0.03345122459299082,-0.06404085051734833,713.0
-0.43312395710569596,-0.05293578584220257,0.33829884963005785,0.7133871101733128,-0.697034916067645,-0.033462876904486835,-0.06404211653604161,762.0
-0.4330350618661826,-0.053080526416561975,0.33823764842929915,0.7135212187362878,-0.6968926115019896,-0.033413218064141846,-0.06412265828564574,817.0
-0.4329028507113232,-0.05321767618162675,0.3381416155673103,0.7136592068479678,-0.6967434035085336,-0.03332774507012218,-0.06425284084781968,868.0
-0.4327371128285731,-0.05344359606163389,0.33802861699851694,0.7138744229739831,-0.6965133205812547,-0.033232349919495065,-0.06440584907650336,920.0
-0.43253030769267875,-0.05388486474437924,0.33790584823101055,0.7142661989964356,-0.6961009618340926,-0.0331434196939668,-0.06456594795884883,982.0
-0.4324546071138631,-0.05422345731770887,0.3378794303794308,0.7145475489106331,-0.6958096701643275,-0.03314349240596891,-0.0645926633817795,1039.0
-0.4324224169232417,-0.05439233516836917,0.3378650062252674,0.7146869836181624,-0.6956655515724243,-0.033142251565131814,-0.06460299500333269,1093.0
-0.4323432795947608,-0.0544710760478046,0.3378083382610613,0.7147669344672015,-0.6955785960936629,-0.033091716657399496,-0.06468063340285585,1144.0
-0.4323224109823891,-0.05460125782535935,0.3377838816615757,0.7148744227660442,-0.6954675671966467,-0.033076024280472474,-0.06469466183767102,1196.0
-0.4323018568143299,-0.05477922848806491,0.3377533636710299,0.7150195956055315,-0.6953179607577266,-0.0330581253786844,-0.06470758606427869,1244.0
-0.4322905676094614,-0.054898412111546765,0.33770035637019513,0.7151188150989807,-0.6952152588330869,-0.03301336269316751,-0.06473748574638521,1292.0
-0.4322915955809106,-0.054907066645604755,0.3376825888194926,0.7151267449575437,-0.6952069197619017,-0.032996073757872856,-0.06474825463410021,1341.0
-0.4322946837141908,-0.05489749598851065,0.3376674425549279,0.7151193270674816,-0.6952143977829983,-0.03298011552484897,-0.06475801996465774,1389.0
-0.43229633801027545,-0.054894912125156306,0.33764734737622226,0.715119598633953,-0.6952137834412606,-0.032960328270026214,-0.06477168921090612,1437.0
-0.43230105966463883,-0.05489482905819315,0.3376188133193304,0.7151203768970521,-0.6952128823781901,-0.03293110089882344,-0.06478763242794407,1486.0
-0.4323047303660952,-0.05490419167747885,0.3375716473782928,0.7151301058070887,-0.695202364550495,-0.03288403568836858,-0.0648170061680488,1535.0
-0.4323065903322336,-0.05493470659540084,0.33753350883399236,0.715156607980442,-0.695174871479477,-0.03284768294680831,-0.0648379044265542,1584.0
-0.4323084422099205,-0.05505787649743397,0.337535809015396,0.7152527903623,-0.6950773387777855,-0.03285646619876931,-0.06481814271841173,1633.0
-0.4322846162729463,-0.05526704964118678,0.3374833984873723,0.7154239886353905,-0.6949005504068384,-0.032817731793654444,-0.06484395121537047,1681.0
-0.43225036930515587,-0.05558673220560542,0.33738391231452847,0.7156872493883457,-0.6946281026593976,-0.03274098216293815,-0.06489674988591786,1731.0
-0.4321999017960713,-0.05601426270773079,0.3373092013095724,0.7160358739047286,-0.6942680150643276,-0.032694988632349084,-0.06492756162417308,1781.0
-0.43214812882034753,-0.05646587208505149,0.3371982584394314,0.7164058536335958,-0.6938848794819045,-0.03261520514348014,-0.06498211522681133,1831.0
-0.43212043871852857,-0.05686874575106247,0.3370691727968839,0.716734357566593,-0.6935446695315004,-0.03251500068925786,-0.06504173105186192,1881.0
-0.43212359362036934,-0.057257683733760986,0.33702436394774943,0.717039873977731,-0.6932310921729878,-0.03249829377360131,-0.06502563242638258,1931.0
-0.43208997800675525,-0.057631091168769834,0.3369895721688507,0.7173395570294804,-0.6929212198939723,-0.03249164024438597,-0.06502642736324685,1982.0
-0.43204881742306217,-0.05794231016501411,0.3368938185935719,0.7175960801779092,-0.6926538116676264,-0.03241881777427012,-0.06508135792780025,2032.0
-0.43201925586053436,-0.05819998014666813,0.33680253696761614,0.7178089386972621,-0.6924317111703802,-0.03234661580688256,-0.06513331972048847,2081.0
-0.43197841363441924,-0.058521342336303864,0.3367706840307103,0.7180693509549032,-0.692161069317045,-0.032340241058816305,-0.06514269068242906,2132.0
-0.4319337642653287,-0.058815926501949556,0.33675588565500836,0.7183087773933784,-0.6919118002112494,-0.03234952459902662,-0.06514652182791571,2182.0
-0.43189766016244613,-0.0591378044856161,0.33662476442964595,0.7185825119387952,-0.6916244768388226,-0.03225285880067052,-0.06522660248963023,2232.0
-0.43186743803266536,-0.05949801949119065,0.33641907984028635,0.7189672159542161,-0.6912109116061312,-0.03219187693765163,-0.06540107888174185,2283.0
-0.4318206796873697,-0.059863537904927246,0.33637397248088896,0.7192767221839232,-0.6908862706064498,-0.03219416381449557,-0.06542701145664685,2334.0
-0.4317586856272132,-0.060305385854957025,0.3363559969233297,0.719660408825132,-0.6904824779276314,-0.0322498141380746,-0.06544305259247579,2384.0
-0.43167430056858014,-0.06077845270179899,0.3362189299745171,0.7201205214199226,-0.6899899424006439,-0.03224386309532669,-0.06557932073866615,2433.0
-0.43160959476564864,-0.061246935955839174,0.33601702400822,0.7205834439403878,-0.6894928915650239,-0.03218030958254969,-0.06575317844396189,2484.0
-0.4315446271338581,-0.06177651934699201,0.33587738881596174,0.7210391780885007,-0.6890108355945959,-0.03211442505470535,-0.06584250753200287,2532.0
-0.43145769174098414,-0.06233787085072324,0.335780947280503,0.7215189836505594,-0.6884998542523468,-0.03208110561645924,-0.06594777925591189,2580.0
-0.43135967650679274,-0.06282328481055298,0.3356591195076876,0.7220075869016238,-0.6879586536394569,-0.03206372432331494,-0.06625596517747245,2628.0
-0.43129943833153045,-0.06317929886160784,0.3355205779589589,0.7225062547196822,-0.6873899301836884,-0.03217563984958829,-0.06666726313019954,2677.0
-0.4312553387686152,-0.06344865849632933,0.33541585343770774,0.7227896608887073,-0.6870734197998031,-0.032143591220224865,-0.06687309967736009,2728.0
-0.43115316464474845,-0.06356109098055379,0.33542011897598045,0.7228707475338588,-0.6869436318087279,-0.03195205080170802,-0.06741954855114402,2777.0
-0.43103789409145066,-0.06381142235085999,0.33539936226970524,0.723060861350216,-0.6867024904329517,-0.03176055273095961,-0.06792604586526198,2828.0
-0.43096850379810536,-0.06414922720917937,0.33523360236900357,0.7233428833939348,-0.6863944772897314,-0.031593715440049464,-0.0681141081876435,2878.0
-0.4308977111460071,-0.06452617420796604,0.33502393379423917,0.7236676017646526,-0.6860299788445708,-0.03136434935912539,-0.06844229592870735,2926.0
-0.4307805251268091,-0.06488371450469863,0.33495545695392726,0.7239822522068964,-0.6856546392981235,-0.031205761896035546,-0.06894646127886365,2974.0
-0.43060872094208646,-0.06531550538828497,0.33495045816650815,0.7243850735021511,-0.6851587033489986,-0.031070824864623266,-0.06970236979209557,3022.0
-0.4304576676515452,-0.06571493673404824,0.334950051860411,0.7249504164610431,-0.6844661951466319,-0.031217234959278615,-0.0705578175395907,3070.0
-0.4304115919191508,-0.06610640029500442,0.33480367141176703,0.725632884806309,-0.6836784837584161,-0.03157624916432803,-0.07101822176159663,3118.0
-0.4303784375295007,-0.06647806959512166,0.33452695811835187,0.7262963556239027,-0.6829067096181879,-0.03178783357764315,-0.0715650990521047,3166.0
-0.43030647061962507,-0.06688355530896718,0.33441336338983696,0.7269583641659415,-0.6821274419374107,-0.03209141884853657,-0.07213758078415637,3214.0
-0.4302076337717456,-0.06716956384349637,0.33444836122827326,0.7275235159072685,-0.6814216607800725,-0.03243780419694044,-0.07295096216318933,3261.0
-0.43013281116029595,-0.06749830376587686,0.3344461790772103,0.7280140585445299,-0.6808294631317257,-0.03267088294782546,-0.07348051510909212,3309.0
-0.430110708892008,-0.06777019566998492,0.3343381396206465,0.7283997181353137,-0.6803917500401493,-0.03282763005724694,-0.0736428122936869,3357.0
-0.430157936250656,-0.06789087550534066,0.3342942468106078,0.7285398658358516,-0.6802371491710362,-0.032871672638751084,-0.07366503861039955,3405.0
-0.43015827945144514,-0.06789263601675145,0.3342877904174463,0.7285416596190536,-0.6802351890031373,-0.0328662011151072,-0.0736678401043665,3452.0
-0.4301970942927038,-0.0679107960963257,0.3343142140876839,0.7285459888942307,-0.6802341367491173,-0.03289343616419494,-0.07362257211360422,3500.0
-0.43019063378759353,-0.0679546044371573,0.3342150980662061,0.7285876618796474,-0.680186752966979,-0.03279820422474941,-0.07369041894723084,3548.0
-0.43022426596532626,-0.06807023252273778,0.33414950314532577,0.7286735880832214,-0.6800963480263451,-0.032741965532905364,-0.07370022472282216,3597.0
-0.4302669994843136,-0.06825891645025499,0.3341336074089024,0.7288095114679491,-0.679955037898915,-0.03274092278980391,-0.07366053491936209,3645.0
-0.4302899507278205,-0.06844771772346242,0.33410486008853685,0.7289502709043619,-0.6798068202250163,-0.03272742146750126,-0.07364173822024138,3694.0
-0.43025951201525114,-0.06862496988776104,0.33400309209002443,0.7290979822035937,-0.6796453633493177,-0.032641102084305894,-0.073708010956369,3743.0
-0.43027373174597516,-0.06884281032245089,0.3339401394025793,0.7292643000462544,-0.6794684136480655,-0.032596429750119824,-0.07371382706231898,3791.0
-0.43040195375091167,-0.06913324607819445,0.333892372737542,0.7294627521873431,-0.6792654837156257,-0.032571205292900925,-0.07363159912436855,3840.0
-0.43053442534977954,-0.06942710574912048,0.33367824313698735,0.7296733303670392,-0.6790450156591585,-0.03237980516122197,-0.0736630563936089,3889.0
-0.4307152651167521,-0.06974021127965914,0.33353706175310666,0.7298826487426145,-0.6788311848105368,-0.03226174718369108,-0.07361196412162606,3937.0
-0.430824612832219,-0.07004537874705148,0.33338645802892675,0.7301007408257904,-0.678602746601838,-0.03213422889214644,-0.07361122117979751,3986.0
-0.4308369272935378,-0.07039387525386603,0.33331450934899154,0.7303656911760967,-0.6783200463350315,-0.03209131900930746,-0.07360719487350427,4034.0
-0.43079083725669365,-0.07078018997905532,0.3332558256497796,0.7306695252471022,-0.6779917725342537,-0.03206394915457794,-0.07362814961444965,4083.0
-0.4307216337034157,-0.07125935527402003,0.33314988499478776,0.7310520084195996,-0.6775770467632017,-0.03200035350358638,-0.0736768895989315,4131.0
-0.4307360000845178,-0.07172287848024815,0.33304927773484744,0.7314033143489063,-0.6772010164376074,-0.03193924335231618,-0.0736740105423078,4181.0
-0.430908435670263,-0.07214061480778573,0.33293617604753944,0.7316851449652633,-0.6769094035406209,-0.031858792238212405,-0.07359025338022057,4239.0
-0.4311353717197972,-0.07244650900656913,0.3327976996744959,0.7318747428359009,-0.6767188495962929,-0.0317437230550123,-0.07350711153732373,4288.0
-0.43140613668842853,-0.07278771767894354,0.3325964632514633,0.7320815645947681,-0.6765107422476461,-0.031568408312064096,-0.07343864105944596,4337.0
-0.43157471383165624,-0.07309302550637269,0.3323821562234114,0.7322660902655584,-0.6763191632177041,-0.03138048732405192,-0.07344404350934415,4385.0
-0.43171189259494364,-0.07350489207483564,0.3322509331882786,0.7325377249546807,-0.6760346655011854,-0.03128428139199201,-0.07339554684521181,4435.0
-0.4317546863164813,-0.07385297622528308,0.3321775631760215,0.7327808677451242,-0.675775701602691,-0.03124035569659945,-0.0733719371833917,4484.0
-0.4317950904414061,-0.07418491307841883,0.3320763833255798,0.732966277126745,-0.6755779964914125,-0.03117396116291016,-0.07336887212586966,4533.0
-0.4318676947942709,-0.07443107973612532,0.3319720118568358,0.7330302358914554,-0.6755129938410909,-0.031102121525970784,-0.07335888805964469,4582.0
-0.43200689763078703,-0.07462441402749952,0.33191517446379437,0.7329463129646446,-0.6756138759742669,-0.03108017382109782,-0.07327766165627543,4630.0
-0.4320814902625512,-0.07479835736617281,0.33176331107965373,0.7329326027454722,-0.6756310921635474,-0.030956915566445056,-0.07330822950564288,4680.0
-0.4321009298419745,-0.07509900630592997,0.3316190666733001,0.7330506827727113,-0.6755033954653635,-0.0308499663510347,-0.0733494292913476,4729.0
-0.4322027591493863,-0.07554167054756884,0.33155859753886663,0.7327912045864456,-0.6757950718536956,-0.03088677839742282,-0.07323986796296768,4779.0
-0.43236814127874884,-0.07611139737302144,0.33138423366632075,0.7321906896668086,-0.6764579913825814,-0.03086558018212096,-0.07313477845667932,4830.0
-0.4325110028993623,-0.0768697793845678,0.3310061357865724,0.731052562249192,-0.6776943367243631,-0.030735169041239154,-0.07312924575450863,4880.0
-0.4327241878148423,-0.07793816349500349,0.33067879566549585,0.7300789585156002,-0.6787623056503679,-0.030662564109346594,-0.07298118883118626,4931.0
-0.4329410100679285,-0.0790353771811019,0.330337075593088,0.7301269669843105,-0.6787270058849787,-0.030493219409811898,-0.0729001175220507,4981.0
-0.4332670799193044,-0.08017672524112962,0.32994486348851154,0.7304126042001476,-0.6784419660140436,-0.030253280903070227,-0.07279193204715585,5031.0
-0.4337716670825402,-0.08110124072547381,0.329622730522715,0.7310084800746535,-0.677833695651381,-0.030005936726647333,-0.07257910759779572,5082.0
-0.43448297579991896,-0.08180043398296123,0.32932351628861667,0.7313070072715422,-0.6775570624119772,-0.02976859230642942,-0.07225177647149007,5132.0
-0.435207721184414,-0.08237376714705663,0.32890448589774735,0.7312605759970674,-0.67764769152081,-0.029433233476049397,-0.07200875596827687,5182.0
-0.43593476311286183,-0.08295628617291563,0.32851741039204496,0.7302894418304715,-0.6787358748379698,-0.029226566767977333,-0.07169903174960564,5232.0
-0.4364190230907095,-0.08358032897734262,0.3282158522925012,0.7285953640665159,-0.6805830377043158,-0.02919491668045401,-0.07143655289813738,5282.0
-0.43652401606936436,-0.08422878118675065,0.32800741559666435,0.7269523933424503,-0.6823453296288152,-0.02926581325802903,-0.071334291345558,5333.0
-0.4364254341890264,-0.08476858351041829,0.32797956434669595,0.7264021465128365,-0.6829305046197037,-0.029385941792681235,-0.07129034876038653,5384.0
-0.4363274816503614,-0.08518718798664406,0.32789750887055724,0.7267525152573961,-0.682553592541645,-0.029342826032900834,-0.071346853020615,5434.0
-0.43625848967697256,-0.08559027146916716,0.3276407572015476,0.7270810441010729,-0.6821954664106215,-0.029132043645114254,-0.07151101279346785,5484.0
-0.43624165499019707,-0.08611829493365818,0.32740309075762297,0.7274867847305595,-0.6817600643649203,-0.028947835799733083,-0.07161155969565243,5536.0
-0.43622653253789156,-0.08659927555141791,0.32721289178063306,0.7278548855731007,-0.6813655109807375,-0.028805112549754538,-0.0716838300059557,5587.0
-0.43615963849285405,-0.08703429613512145,0.326994258773027,0.7282023755969167,-0.6809875369945411,-0.02863298738366084,-0.07181522586891134,5637.0
-0.43608760187480733,-0.08742318714742468,0.3268338986811278,0.7285142080191579,-0.6806484735417858,-0.028512702083918016,-0.07191474118238644,5686.0
-0.4359995832949106,-0.08787606807436273,0.32671179612389967,0.7288741350201168,-0.6802586147642028,-0.028433597722741233,-0.07198779659293626,5737.0
-0.4359147756396308,-0.08823884210364044,0.3266617927984312,0.729164276065671,-0.6799449385787515,-0.02841593227631733,-0.07201995420459152,5786.0
-0.4357759219332073,-0.08863176629842312,0.32649190732652134,0.7294945387588969,-0.679580464468984,-0.028288796920755553,-0.07216546405199879,5835.0
-0.43559926097501694,-0.08910796800547569,0.3262554693876083,0.7298980640444056,-0.6791328391105872,-0.028105498381160054,-0.0723704629428944,5886.0
-0.43530113608406373,-0.08979066827976084,0.325950034273242,0.7304848427553594,-0.6784798601186651,-0.027873907401192284,-0.0726637406429373,5936.0
-0.43504516565170936,-0.09057420929171779,0.32581075665162906,0.7311249415726702,-0.6777783825745445,-0.027809640719566275,-0.07279703158812481,5987.0
-0.4348701804924464,-0.0913117948398525,0.3257069507171784,0.7317092755606975,-0.6771420099553941,-0.027774094045017097,-0.07286174656146313,6037.0
-0.43472983464467807,-0.09191504110364206,0.32520569595080145,0.7322085971717482,-0.676581196337609,-0.02735118537735276,-0.07321453167646351,6090.0
-0.43466847122839103,-0.09230595778967109,0.32462402693765924,0.7325373875243402,-0.6762029933997326,-0.02683383551136914,-0.07361000521671442,6140.0
-0.43464862369658785,-0.0927372476225843,0.32433057138896826,0.732869623970945,-0.6758357220979623,-0.026590774317753352,-0.07376395948018281,6189.0
-0.4345575340827701,-0.09319597303121335,0.3242717052272498,0.7332275101976299,-0.6754454347971647,-0.02657392985297734,-0.07378827246400858,6240.0
-0.4343982423906473,-0.09370006558931848,0.3241404369443683,0.7336380955835772,-0.6749904301448924,-0.026494008656074687,-0.07389946837865019,6293.0
-0.4342894620056027,-0.09421558189830082,0.3238243803651488,0.7340520572845275,-0.674526925175203,-0.02623953871454507,-0.07411134203404127,6343.0
-0.43418229043427203,-0.09477204389893198,0.32339543759177336,0.7344659304693263,-0.6740586121229742,-0.02588560532153814,-0.07439569772382107,6392.0
-0.43407643464739204,-0.09533287556794605,0.3231313290172097,0.7346130734899566,-0.6738877389677383,-0.02571726349788784,-0.07454911055652702,6441.0
-0.43392038814816064,-0.0960154738147376,0.32296823750878756,0.7339044423420474,-0.6746515722301721,-0.025760715832169562,-0.07460503413161518,6498.0
-0.4338228217339262,-0.0964772314568606,0.32271445383984776,0.7322741772807889,-0.6764095055254504,-0.025785541096091113,-0.07469816592755987,6552.0
-0.4337556584679378,-0.09681485411300042,0.3223424282007745,0.7309018464136617,-0.6778757103284911,-0.025650498262912515,-0.0748936859461991,6603.0
-0.43369389813312664,-0.09714583539671248,0.3220421982141418,0.731074515881501,-0.6776764422939239,-0.025410002674506854,-0.0750934321532888,6654.0
-0.4336215925977724,-0.09749554522924847,0.3219205545981544,0.7313536021118286,-0.6773699766300146,-0.025326907155132826,-0.07516895111854262,6704.0
-0.4335245633890344,-0.09793644534840766,0.3217668410980721,0.731705492309344,-0.6769826292320571,-0.025222735193747105,-0.07526889046437404,6755.0
-0.4334411536066928,-0.09833467008314128,0.3215173219045359,0.7320268120494289,-0.6766238560880222,-0.025024516834523083,-0.07543657846512022,6806.0
-0.4333571532294315,-0.0987352979661267,0.32127077748574695,0.7323473536328239,-0.6762657631172231,-0.02482913310346536,-0.07560082943863829,6857.0
-0.43326952176574823,-0.09913804094215238,0.32108462390194015,0.7326568308289261,-0.6759218500285097,-0.024691525834367196,-0.0757228462600425,6909.0
-0.4331680656549089,-0.09960674756110621,0.32088164154238474,0.7327985872623285,-0.6757587831049084,-0.024568679983424286,-0.07584640747445365,6960.0
-0.4330667050659585,-0.10006903713545565,0.32065497605849536,0.7321380661443271,-0.6764636925046028,-0.024513169923594265,-0.07595939261065865,7012.0
-0.4329605551327798,-0.10058880241076987,0.3203976784840058,0.7322060730317708,-0.6763785221965531,-0.024357741054467964,-0.07611216576424248,7063.0
-0.4328704908026552,-0.10114989077123072,0.32019266591807655,0.7318872575418974,-0.6767161962860265,-0.024300283863634732,-0.07619532883398515,7116.0
-0.4327080772621894,-0.10183487188757986,0.3199313604902798,0.7316151581030698,-0.6769971907881125,-0.02421010934248358,-0.07634091107950829,7172.0
-0.43250155764314413,-0.10272382989604392,0.31966654192575206,0.7308149522949108,-0.6778478520446491,-0.024212744561560882,-0.07645611801183208,7226.0
-0.432258119707624,-0.1037184381850605,0.3193244461409612,0.7302178174086271,-0.6784732461627103,-0.02414164413572837,-0.07663663874961393,7280.0
-0.43196979245107425,-0.10495246433329652,0.31879663351932974,0.7306510411960788,-0.6779800497964784,-0.02382645478623202,-0.07697017688280341,7333.0
-0.43169663277230264,-0.10622859122610673,0.3182528820175252,0.7316324016997827,-0.6768949760409135,-0.023442570323542692,-0.0773153677492688,7388.0
-0.4315338224383837,-0.10716417033010536,0.3179247439970878,0.731969568822598,-0.6765173466705899,-0.02327073305127436,-0.07748098447168435,7441.0
-0.43133935780264365,-0.10770264059273484,0.3174422430478694,0.7316521186511907,-0.6768296814909199,-0.022971628921498448,-0.07783998837883264,7493.0
-0.4312719262158762,-0.10800169411291667,0.3170137356168726,0.7318751561277644,-0.6765650872478357,-0.022611189055661257,-0.07814840170968301,7542.0
-0.43126600697649975,-0.10818528654070585,0.31656814069717476,0.7320325764696334,-0.6763719170183323,-0.022228900109677915,-0.07845516462343613,7594.0
-0.43134129606161725,-0.10821962416208701,0.3163309011931078,0.7320469852393634,-0.6763488922037139,-0.022012654886851626,-0.07858008934584287,7643.0
-0.4313683069722383,-0.10827407649251791,0.31616557909747967,0.7320860151370648,-0.6763001555182391,-0.021865048991061547,-0.0786770978071598,7695.0
-0.43123299156167905,-0.10843695642810984,0.3160057312492738,0.7322453461714467,-0.676111571528213,-0.021735705350537548,-0.07885084000074409,7748.0
-0.4311234436752515,-0.10875283557926636,0.3159124108138287,0.7325054953161783,-0.6758220818637716,-0.021680409928552063,-0.078931443812006,7800.0
-0.4310190657112843,-0.10916475438813127,0.31580953088884517,0.7328341854138698,-0.6754594523899854,-0.0216267329266896,-0.07899917270914014,7851.0
-0.4309155466914719,-0.10954788277673565,0.3156237384000385,0.7331441672681419,-0.6751114890920666,-0.02149460996699035,-0.07913336236355784,7905.0
-0.43083764759070725,-0.1099013805848542,0.31544553247174073,0.7334334428500368,-0.674786772946516,-0.021377052348912445,-0.07925413300542043,7962.0
-0.4308499970623766,-0.11009740919355532,0.3154648274642964,0.7335735855661609,-0.674639798359062,-0.021417254110680774,-0.07919746369682013,8013.0
-0.43083356183549687,-0.11021512074547421,0.31547404312229277,0.7336622993713882,-0.6745448956441145,-0.02143713719858298,-0.07917868014994585,8068.0
-0.43086357214055626,-0.11027338110137104,0.31550348730612976,0.7336953853630702,-0.6745141266400347,-0.02146963895059738,-0.07912540087290498,8123.0
-0.43083579451867354,-0.1103571473540174,0.31545952585437975,0.733764266778932,-0.6744362340656078,-0.02143744918783759,-0.07915935036428624,8177.0
-0.43073862144357133,-0.11058157188200574,0.31535315964440236,0.7339544722550166,-0.6742202257731157,-0.021362169509821435,-0.0792564037106323,8231.0
-0.43065152651824135,-0.11093491993833375,0.315262943922359,0.7342332187462864,-0.6739117774373357,-0.02131237872033086,-0.07931128062261979,8284.0
-0.43058770666740664,-0.11127064241738296,0.31516697875918215,0.734493586822021,-0.6736240269132625,-0.021255716144327818,-0.07936016515654545,8337.0
-0.43058733020430995,-0.11153219870650478,0.31510287304485135,0.7346685682928035,-0.6734346798120717,-0.02122171462287991,-0.07935657261676501,8390.0
-0.43062335816990077,-0.11169893780051106,0.31504212640395435,0.734140837642524,-0.6740127638557203,-0.0212560623731182,-0.07932341695550169,8444.0
-0.43065014947366304,-0.11179695611808874,0.3148896843367837,0.7308994747129046,-0.6775316902982365,-0.02154288391279667,-0.07920019355237966,8499.0
-0.43070216477790685,-0.11203985978338592,0.31460351613730003,0.7263408834346513,-0.6824674237090746,-0.0220196474833753,-0.07862742366360861,8554.0
-0.43073217526182495,-0.11234495234431299,0.31428392238964253,0.722908907759828,-0.6861590883275749,-0.022365712766053234,-0.07802686383182628,8609.0
-0.43064831410418675,-0.11275618823566631,0.3140782063355523,0.7220713749073719,-0.687030126224531,-0.022439513564621826,-0.07809611661450068,8663.0
-0.430628574714211,-0.1132470938534206,0.31403745356752527,0.7228533242841513,-0.6861861981074981,-0.022841513401180374,-0.0781654550531925,8717.0
-0.4305745830824949,-0.11369173774501834,0.31388712487771486,0.7236126246173221,-0.6853474041613229,-0.023355214459575488,-0.07834691481681938,8772.0
-0.4305081146103068,-0.11420245999676397,0.31361826144302496,0.7242123538702695,-0.684703567556006,-0.02348701721994926,-0.07839547882289724,8827.0
-0.43038131522303097,-0.1147559347886628,0.31330569779283746,0.7246951119538393,-0.6841720990689327,-0.023315492142363437,-0.07862519565624036,8881.0
-0.43032330940189656,-0.11516475829474769,0.31303186361464913,0.7250847050101982,-0.6837379094248341,-0.02324014932924066,-0.0788323362255993,8940.0
-0.4302998617892081,-0.11559540224145705,0.31283071224921244,0.7254320958882787,-0.6833676536707534,-0.02311980759976012,-0.07888218219736627,9000.0
-0.4302207401965493,-0.11606027906508241,0.3126208279288544,0.7258182607116447,-0.6829462174488747,-0.023004561390236027,-0.07901333207149348,9054.0
-0.4301593555193892,-0.11650045554579858,0.31248479162985987,0.7263331573657436,-0.682376878843115,-0.02317919463916385,-0.07914963466320152,9109.0
-0.4301738588597565,-0.11681060798997704,0.3124422729265991,0.7268982340635297,-0.681744527953954,-0.02366623869094453,-0.0792670490581403,9165.0
-0.43019220294562205,-0.11703772938186063,0.3123199406768177,0.7271842359951786,-0.6814243245415635,-0.023774506566741377,-0.07936466266979345,9221.0
-0.4304242924111253,-0.11716775082417745,0.3123605854589867,0.7270206960546142,-0.6816183193534257,-0.02388366370289909,-0.07916403753095586,9277.0
-0.43068133864325103,-0.11721897205934448,0.3123411083788333,0.7257893447045258,-0.682948173672179,-0.023996483088144088,-0.07896700570878024,9335.0
-0.4307599362436411,-0.1172348656887836,0.3122055093771206,0.7244913176345882,-0.6843234888000695,-0.024018625882010976,-0.07897340665907271,9391.0
-0.43087381957165893,-0.11729354885976831,0.31219403917594124,0.7238055601096002,-0.6850687612292711,-0.024116001175487862,-0.07877005795049175,9448.0
-0.4314656615863829,-0.11740319340499414,0.31265308788813834,0.7233174967881733,-0.6856618565936682,-0.02456106207091421,-0.07795108390884448,9506.0
-0.43211430484456037,-0.11752918177515535,0.31295008178338235,0.7231718426267052,-0.6858905776405417,-0.024763625292369217,-0.07722282303955882,9563.0
-0.43227137255230724,-0.11760705461428436,0.3124336074208493,0.7231817310629723,-0.6859270415213095,-0.02437824091074102,-0.07692840136571513,9621.0
-0.43252293425710436,-0.11775143084745812,0.3120923739533962,0.7232444980194872,-0.6859969822133725,-0.024336116259226284,-0.07571849129574341,9678.0
-0.43316200952673667,-0.11803245327042253,0.3123503658357634,0.7229367151537971,-0.6865362790201709,-0.02431875205291793,-0.07374985945996283,9736.0
-0.43338163056795054,-0.1182504962843735,0.3121587183408059,0.7223220590847307,-0.687286139670247,-0.023181991215698333,-0.07315189990724706,9794.0
-0.4334331656986386,-0.11834378693024503,0.3116243149509678,0.7220461917404571,-0.6875948611306975,-0.022240247274897013,-0.07326646805266059,9852.0
-0.433772431677985,-0.11847297894882064,0.31153875090029326,0.7219414188586392,-0.6877408551215861,-0.02199604084860648,-0.07300190490659071,9909.0
-0.4341299658777712,-0.11873092840870011,0.31172119731948755,0.7213064929827466,-0.6885107975949206,-0.021126047780886163,-0.07227388796305928,9966.0
-0.43432516490055406,-0.11916414596579136,0.3117915879166156,0.719760520441799,-0.6903049321448125,-0.01865432179129196,-0.07124542194698212,10024.0
-0.434510731341302,-0.11957066658372766,0.3118995103155615,0.7182763281477514,-0.6920106548832887,-0.01633814292876605,-0.07023841567279848,10080.0
-0.43461447377205853,-0.11975836925977541,0.3119536278373757,0.7175881637633534,-0.6927966808931451,-0.015276788876123796,-0.0697610628632815,10137.0
-0.4346900286591281,-0.11978827177028575,0.31201742067218563,0.7175103790943398,-0.6928919240418194,-0.015223862569556367,-0.06962665795502242,10194.0
-0.4347158853907571,-0.1197999343322752,0.3120400942930409,0.7174876516201003,-0.6929203975461271,-0.015210011685195913,-0.06958051438245554,10250.0
-0.4349182125029751,-0.11988887610839623,0.3122134831596799,0.7172780715714425,-0.6931775520107092,-0.015058701475784838,-0.0692118843917467,10306.0
-0.43518539427520014,-0.12002968410708977,0.3124511913057837,0.7168557579336555,-0.6936789642215303,-0.014643993906312405,-0.06865034855251029,10363.0
-0.435268219221051,-0.12020760908651754,0.31257519172249965,0.7162141229442276,-0.6944092165963044,-0.013713583598821858,-0.06815502641930216,10421.0
-0.4353223807679821,-0.12034361086867876,0.3126635437592527,0.7157209178274433,-0.6949676974117226,-0.01299014203213473,-0.06778439015345214,10477.0
-0.43545307546664463,-0.12047822086494456,0.31280586547347256,0.7152652565135159,-0.6954895175874444,-0.012397974770922655,-0.06735156993135194,10533.0
-0.43579305849695404,-0.12068711867934158,0.31312061598939994,0.7146261197802756,-0.6962335576281753,-0.011709007133482977,-0.06656756952262509,10590.0
-0.43610379473416777,-0.12095514104453908,0.31343764370688343,0.7137453064423345,-0.6972394384063818,-0.010615337037688707,-0.06566671669778901,10646.0
-0.4362584844528642,-0.12134773499123185,0.31369457144049784,0.7122974607216814,-0.6988476813518608,-0.008498735096475637,-0.06459115435051975,10702.0
-0.43648077668514873,-0.12182066710174033,0.3140317010198045,0.7104983928131581,-0.7008264016461995,-0.005920976703779572,-0.06324026091369762,10763.0
-0.4366337233895028,-0.12200451715798051,0.314222740431855,0.7094665544600518,-0.7019475846940988,-0.004537992522982654,-0.06249962454739018,10824.0
-0.43663190891027254,-0.12209514068648816,0.31426051292130686,0.7089998054924176,-0.7024467777510852,-0.0038360307119597852,-0.06223411530027863,10879.0
-0.4367205749620712,-0.1221454258115165,0.31434179231483056,0.7088463491179923,-0.7026198783336575,-0.003678236856932138,-0.062037331390977724,10935.0
-0.43685993530129646,-0.1222345771163656,0.31447357512179386,0.7085716821972469,-0.7029277154784375,-0.00337712759093635,-0.06170407611870623,10991.0
-0.43710408583330534,-0.12247840172857286,0.3147381772396035,0.7077517198074784,-0.7038261521457162,-0.0023258126869814067,-0.06091667473407275,11047.0
-0.43723674604746615,-0.12270857839612723,0.31492155069855926,0.706922115651024,-0.7047191392529416,-0.0011634852764802574,-0.060255319068815656,11104.0
-0.4373874209216908,-0.1228151601254226,0.31506986933316616,0.7065782706194852,-0.705097259379449,-0.0007683545775249771,-0.059869958536905625,11161.0
-0.43745094977752697,-0.12284606442797018,0.31512659857206426,0.7064867125967257,-0.7052000413131577,-0.0006839753937153421,-0.059740763586121855,11216.0
-0.4375091778228761,-0.12288838382308619,0.3151842106465893,0.7063519810609272,-0.7053479825287245,-0.0005282176776712052,-0.059588785690318107,11271.0
-0.4376762018159807,-0.12299877925149265,0.31534530973189584,0.7060056850415433,-0.7057288628421702,-0.0001423610364718106,-0.05918382020327695,11326.0
-0.43786638333230693,-0.1231007818031307,0.3155189029930612,-0.7057033659832649,0.706065097780406,-0.00015632655901467375,0.058777653051501046,11380.0
-0.4380598108047466,-0.12319640801209499,0.31569532765467917,-0.7054263059456604,0.706374677531795,-0.00040976702241765693,0.058381280498972274,11436.0
-0.43822381931898396,-0.12331342228216126,0.31585675429414295,-0.7050504286108953,0.7067840825040147,-0.0008437717112594025,0.057960692575660305,11498.0
-0.4383831233905008,-0.12341970595329939,0.316015219505022,-0.7047161530336097,0.7071489940834733,-0.0012143693062772255,0.05756708371482661,11553.0
-0.4385422588674721,-0.12357566275370643,0.3161898176926228,-0.7041902985308913,0.7077123154670535,-0.0018834456610006588,0.05705922032132915,11606.0
-0.43867999719426715,-0.12367148687784911,0.316325312693272,-0.703886048857387,0.7080418703418052,-0.002229938675244298,0.056711263787003564,11662.0
-0.43899358946274714,-0.12381965722328145,0.3166238965804682,-0.7034592690868982,0.7085156067325743,-0.0025943297232160116,0.0560710371349271,11716.0
-0.43927200607813616,-0.1240666235650354,0.3169236372880257,-0.7026377873570679,0.7093911371625317,-0.0036094677155326387,0.055238809147416114,11767.0
-0.43941544184601944,-0.1242711908422677,0.31710776560202225,-0.7019158717909539,0.7101469826692945,-0.004592605817236941,0.054628563091565316,11820.0
-0.43949521536002667,-0.1243599794483399,0.31719906929525044,-0.7016078887843332,0.7104700763809241,-0.004995913188253649,0.05434778573493158,11873.0
-0.43972698876317695,-0.12444330697745956,0.31741709032543475,-0.7013945614880414,0.7107116910792417,-0.0051032699579854676,0.05393067692898623,11924.0
-0.44007525119833285,-0.1246060003577301,0.31776080589044886,-0.7009290019647749,0.7112219716468609,-0.005486953110103512,0.05321404511013914,11975.0
-0.4402292920496056,-0.12478453220851136,0.3179500269833411,-0.7003115195902535,0.7118653269230167,-0.006293546728755232,0.05264905624557279,12029.0
-0.4402758186255807,-0.12493183402352083,0.3181236192076725,-0.699763491592624,0.7124306533680415,-0.007025641915231883,0.05219444732310257,12082.0
-0.44034782189229627,-0.12498050688661308,0.3184599167969715,-0.6996108383136201,0.7126094336880939,-0.006972816606089285,0.05180588539370495,12134.0
-0.44031563049562294,-0.12503190279665982,0.31875373065720064,-0.6994054154924182,0.7128336504430991,-0.007066871313058276,0.05148117039936181,12188.0
-0.4403016306061546,-0.1251139937422904,0.31896512996723053,-0.6990827123577078,0.7131704206529768,-0.007415059067091254,0.05115006634676158,12241.0
-0.44039076162517293,-0.12520507966994504,0.3191694069384265,-0.6987773242281595,0.7134932845302335,-0.007718804272834715,0.05077404982262637,12293.0
-0.44043028752325997,-0.12532933215791986,0.3192626347453483,-0.6983130285439965,0.7139644002996512,-0.008383563034202896,0.0504327784414305,12345.0
-0.44055595184153074,-0.1254158482814893,0.31943849379794875,-0.6980382245051051,0.7142549621552016,-0.008652868609581922,0.050076082427215805,12399.0
-0.4407135760321176,-0.1255107259706327,0.3196989784342692,-0.6977522928387097,0.7145630341277768,-0.008863960183314855,0.04962699171114148,12452.0
-0.4407691014744629,-0.12568195561054754,0.3199884772274762,-0.6971179550810801,0.7152131397305226,-0.009637213144404588,0.04902902796497578,12504.0
-0.4407747162623912,-0.1259066494872111,0.3203658038273704,-0.6962578350723835,0.7160867720215114,-0.010713237168725158,0.048269955308619446,12558.0
-0.44074412473940977,-0.12609374659671657,0.3206445745059343,-0.695524641561293,0.7168235847785615,-0.011673360529760602,0.047677604178374945,12613.0
-0.4407593995475633,-0.12624029363879044,0.32090905229570366,-0.6949693275646953,0.7173846684981173,-0.012347291567359777,0.0471637099799433,12666.0
-0.4407226672729274,-0.12632989597950245,0.32097787317529214,-0.6946089385575833,0.7177389312249415,-0.012880483922040619,0.046939772197148975,12720.0
-0.4407050746791101,-0.1264062197421684,0.32099261021006165,-0.6943092565733183,0.7180311287143977,-0.013354271833772946,0.046771977267630035,12772.0
-0.44085057443921205,-0.12654783047473514,0.32123538319613143,-0.6939590753434648,0.7183988008469502,-0.013712282921041364,0.04621620913922557,12823.0
-0.4408706328877941,-0.126639393899877,0.3214259262931029,-0.6936326904840423,0.7187282235640517,-0.014083921077330658,0.04588109100074445,12875.0
-0.4408324828296915,-0.1266542836014196,0.32150253784815985,-0.6935832604465303,0.7187797172986771,-0.014118023036585742,0.04581113678935444,12927.0
-0.44089212228398206,-0.1267283314967144,0.321621129097595,-0.693554811062415,0.7188196163220171,-0.014135786547928896,0.04560989784594592,12978.0
-0.44094897444936104,-0.12697699512776214,0.32182549166058116,-0.6934920075205481,0.718900309179741,-0.014387278196635775,0.04521268840143813,13029.0
-0.44112399443792455,-0.12725118397362273,0.3221832907119546,-0.6933999705368299,0.7190233435698963,-0.014541726870857042,0.04461446447850317,13082.0
-0.44133919159191226,-0.1275910416394274,0.3226470559689635,-0.6931383557820298,0.719317937212649,-0.014898851391549187,0.043805812115933845,13133.0
-0.44149113590237443,-0.12794614646249508,0.3231160970100138,-0.6926145151233454,0.7198601955884097,-0.015622495708955256,0.042922836296000105,13185.0
-0.4415414057620627,-0.1281802453665331,0.3234921889389114,-0.6923622174588796,0.7201300782295271,-0.01594891063675633,0.042342207241226046,13237.0
-0.4414611778204556,-0.12870838426028305,0.32377698453809955,-0.6925573678444445,0.719964380416016,-0.016287786457549882,0.041836481554622405,13289.0
-0.44151656334997075,-0.12933868685069771,0.32415057034922373,-0.6929298662767109,0.7196405473593155,-0.016432624672170035,0.04117829360850233,13340.0
-0.4415688566362973,-0.1301442036887617,0.3245257018782971,-0.6930978491685079,0.7195114513221004,-0.01709326973132929,0.04032943124128124,13392.0
-0.44137277259050817,-0.13095733645887161,0.3247175149170323,-0.6930808435494802,0.7195355321009036,-0.018242502780286395,0.039683415192265405,13446.0
-0.44116702346996367,-0.13168616687092147,0.32487457286933163,-0.6926784353255542,0.7199196068762888,-0.019776588352334694,0.03900296685092303,13503.0
-0.4412620581396908,-0.13253288700646274,0.32543676397803334,-0.6918158684682943,0.7207696371376067,-0.021604216583126907,0.037619039618413716,13555.0
-0.4411202908820503,-0.13329910106239337,0.32566246893267325,-0.6905519923017046,0.7219539901738653,-0.024173735408159147,0.03655150498402375,13607.0
-0.44107468001259104,-0.1332829026994845,0.3256148118747857,-0.6900426680171248,0.7224228307566718,-0.024845096876283262,0.03645670142145903,13658.0
-0.4410185421064701,-0.1331513900934529,0.32543827469286524,-0.6899597758946426,0.7224871137814998,-0.02496017995202378,0.03667243493218638,13708.0
-0.44104210067246813,-0.13310203180852942,0.32531898479809973,-0.6899148318564662,0.7225220299420709,-0.02505877112780865,0.036762739593470144,13758.0
-0.44110726185495774,-0.13305126538406764,0.325149775311978,-0.6898556990718403,0.7225680515665591,-0.025202989043262344,0.03686915589885512,13808.0
-0.4413730302268079,-0.13292828794706288,0.3251590767412891,-0.6896871772406252,0.7227362119194188,-0.025219884080296434,0.036714070561621674,13857.0
-0.44154308154402583,-0.13290908740059082,0.32498754324743895,-0.6896201063098033,0.7227928842772051,-0.025378176151284206,0.03674919845015232,13905.0
-0.44166736439029264,-0.13292813442106782,0.3247632142672998,-0.6895935432766471,0.7228061605210279,-0.025574876080964985,0.0368500352435691,13954.0
-0.4419802006170284,-0.13297978703203014,0.324913675274334,-0.6895395421009403,0.7228777442092339,-0.02547790204899532,0.036522093496633705,14003.0
-0.4422273172600665,-0.13302231974834047,0.32509573259993696,-0.6894959733011538,0.7229394123260893,-0.02535272150124296,0.03620978347882921,14053.0
-0.4424437796108163,-0.13308936689149836,0.3252822275971633,-0.6893539474109447,0.7230908786823066,-0.025393000827148564,0.03585961327720467,14102.0
-0.4425059719755294,-0.13316793220419085,0.32528599274770587,-0.6890756972709045,0.7233496321560394,-0.025824760683805372,0.0356801741302308,14150.0
-0.4426195178776233,-0.13323886368491739,0.325397367565474,-0.6888579519735556,0.7235614973570279,-0.02606426212771833,0.03541377959201558,14199.0
-0.4427786000372371,-0.13331179313702612,0.32554588799409195,-0.6886522153542146,0.7237661963222372,-0.026244819831989404,0.03509741843725287,14249.0
-0.44281698662196894,-0.13338824865548696,0.3256071882112819,-0.6883720618946905,0.7240285680561324,-0.02663896509573123,0.03488413077700614,14299.0
-0.44288824732731547,-0.1334744579380288,0.32569678058480583,-0.6880705776194889,0.724313429105003,-0.027035423698251102,0.03461246159970433,14354.0
-0.4432736064502926,-0.13363001465634794,0.32602490958236907,-0.6876918369375952,0.7247039996112455,-0.02726490522400909,0.033773884881453255,14406.0
-0.4436191323061556,-0.1339313882831141,0.3262205357888718,-0.6869077345083004,0.7254832823777817,-0.028118123964416306,0.03226673779227936,14456.0
-0.44375433765606304,-0.13443776330434537,0.32631571160112804,-0.6852719174108282,0.727031723607696,-0.03031680590314964,0.0301357488033854,14507.0
-0.4441060317003803,-0.1348744254369482,0.32672964553939937,-0.6837715565082749,0.7284222225696287,-0.03223516589924687,0.02860801035411838,14557.0
-0.44424164256444965,-0.13509413640638326,0.32685560113018913,-0.6829531352550349,0.729159497828878,-0.03340424946542556,0.02802851920648123,14608.0
-0.4443371796317334,-0.1352683114839741,0.326977915385559,-0.6825302817214776,0.7295442149395698,-0.03401988351597359,0.02757354723220919,14659.0
-0.44477152340176734,-0.13571578299455797,0.32736547291406454,-0.6816593548034445,0.7303823636307497,-0.03496492495590769,0.02568230770274864,14710.0
-0.44494861015775816,-0.1362560249393409,0.32751127077755043,-0.6802101990110433,0.7316818069448587,-0.03709975280956586,0.024071287641763344,14760.0
-0.44509004764620586,-0.1365545455160511,0.32750368857313394,-0.6792828233441495,0.7325274820240384,-0.038268584269259553,0.022668247553562764,14811.0
-0.44511465527179606,-0.13657220182686988,0.32733441348622316,-0.6792588622477184,0.7325507676394394,-0.03834022613913765,0.022512173338063553,14861.0
-0.4451169868528554,-0.13655099586243366,0.3272973839918416,-0.6792411225770848,0.7325650561773318,-0.038359485514427416,0.022549628360415085,14911.0
-0.445150618700425,-0.13652495999799544,0.32731111403140656,-0.6792121655875725,0.7325944111077257,-0.03832942967296166,0.02251927513287458,14965.0
-0.4453147662448568,-0.13655509094514562,0.32741422335156545,-0.6791870243118839,0.7326318279822481,-0.038226920410557086,0.02223270540629138,15021.0
-0.44536033374492917,-0.13657426275930415,0.327285156543067,-0.6791810385387111,0.7326415198863941,-0.03824826689759267,0.022058792064904718,15070.0
-0.4453970968728841,-0.13658799055483226,0.3271493890885012,-0.6791743456852536,0.7326472141419721,-0.03830367741941502,0.021979446516335124,15119.0
-0.445444746199175,-0.13660943164647818,0.3270693112456597,-0.6791705356211346,0.7326590206576561,-0.03827923812069781,0.021744951643184397,15169.0
-0.44546908157776965,-0.13661519857824203,0.32699038567724303,-0.6791631546065936,0.7326668821746496,-0.038301396836125635,0.021671460257676935,15218.0
-0.44552369109452916,-0.13662597536667573,0.3269360766304691,-0.6791494376489452,0.7326915956213289,-0.03823627354196431,0.021378831413722342,15266.0
-0.445578017773273,-0.13659174861157325,0.32691511793562533,-0.6791040203968642,0.7327448092306726,-0.038153027238633855,0.02114522496566436,15313.0
-0.4455971116252852,-0.13656808720679206,0.3269017120208323,-0.6790796142746749,0.7327698997070684,-0.03813595109019694,0.021090300953231025,15361.0
-0.44561005206267507,-0.1365711549141864,0.3267821911874962,-0.6790738254040375,0.732770115623303,-0.03821453249438368,0.0211269213747261,15410.0
-0.4456446992251466,-0.13654605830167477,0.3265896424961978,-0.6790376807837513,0.7327967128397683,-0.038323207841076894,0.021169257611547972,15459.0
-0.44571739194113946,-0.1363966238657241,0.32654867561079326,-0.6789024646587986,0.7329270557848041,-0.03827636602203601,0.02107828700284905,15507.0
-0.4458100611229554,-0.13623334663697861,0.32656508280741986,-0.6787539083255593,0.7330698153494021,-0.03823181899131911,0.02097869807654963,15556.0
-0.445858788961162,-0.13607258124511074,0.32656094156409343,-0.6786220834860692,0.7331918127600676,-0.038232704165051014,0.02097841364022011,15604.0
-0.4458881162994016,-0.13597276779230635,0.32652907270197484,-0.6785387459244032,0.7332668721561866,-0.03825962027485237,0.021001569799546756,15652.0
-0.4459206780286258,-0.13587421584884882,0.32651034680721136,-0.678456952581569,0.7333414109643428,-0.038275886839423186,0.02101178110520961,15701.0
-0.4459360376394747,-0.13583152945506502,0.3265125179902583,-0.6784211774455445,0.7333747156579509,-0.03827445709345212,0.02100710263749311,15750.0
-0.44595343931553694,-0.13577587186104698,0.3265120493734377,-0.6783752377459165,0.733417208729113,-0.03827558496555608,0.02100510292078291,15799.0
-0.445952465560567,-0.13577590163068828,0.32651108904187726,-0.6783754995120601,0.7334169129310047,-0.03827568904049517,0.021006787402961358,15847.0
-0.44596536705313405,-0.1357236568827116,0.3265052446673199,-0.6783329271688566,0.7334561934319138,-0.038272770540487826,0.02101540554101016,15896.0
-0.4460164094145885,-0.13556022095678177,0.326505581020066,-0.6781974429862401,0.7335815925575798,-0.03827435306389238,0.02100831466707995,15949.0
